{
  "growacq": {
    "jobshop": {
      "Unnamed: 0": "jobshop_growacq.csv",
      "CL": 289.25,
      "tot_q": 1912.625,
      "memb_q": 1912.625,
      "rec_q": 0.0,
      "gen_q": 0.0,
      "top_lvl_q": 602.375,
      "qgen_q": 602.375,
      "tfs_q": 999.875,
      "tfc_q": 310.375,
      "avg_q_size": 41.1834875,
      "avg_gen_time": 0.5354125000000001,
      "avg_t": 0.2087,
      "max_t": 3.187125,
      "ml_t_t": 0.0,
      "ml_p_t": 0.0,
      "tot_t": 399.0709875,
      "conv": 1.0
    },
    "gtsudoku": {
      "Unnamed: 0": "gtsudoku_growacq.csv",
      "CL": 846.5,
      "tot_q": 5824.75,
      "memb_q": 5824.75,
      "rec_q": 0.0,
      "gen_q": 0.0,
      "top_lvl_q": 1225.25,
      "qgen_q": 1225.25,
      "tfs_q": 4232.25,
      "tfc_q": 367.25,
      "avg_q_size": 19.6634125,
      "avg_gen_time": 0.3884499999999999,
      "avg_t": 0.0928125,
      "max_t": 2.0339,
      "ml_t_t": 0.0,
      "ml_p_t": 0.0,
      "tot_t": 540.1732125000001,
      "conv": 1.0
    },
    "random": {
      "Unnamed: 0": "random_growacq.csv",
      "CL": 495.0,
      "tot_q": 5140.75,
      "memb_q": 5140.75,
      "rec_q": 0.0,
      "gen_q": 0.0,
      "top_lvl_q": 820.125,
      "qgen_q": 820.125,
      "tfs_q": 3822.5,
      "tfc_q": 498.125,
      "avg_q_size": 25.8805875,
      "avg_gen_time": 0.2924375,
      "avg_t": 0.058175,
      "max_t": 1.91565,
      "ml_t_t": 0.0,
      "ml_p_t": 0.0,
      "tot_t": 299.0104875,
      "conv": 1.0
    },
    "jsudoku": {
      "Unnamed: 0": "jsudoku_growacq.csv",
      "CL": 811.0,
      "tot_q": 5901.75,
      "memb_q": 5901.75,
      "rec_q": 0.0,
      "gen_q": 0.0,
      "top_lvl_q": 1226.25,
      "qgen_q": 1226.25,
      "tfs_q": 4321.5,
      "tfc_q": 354.0,
      "avg_q_size": 19.2071125,
      "avg_gen_time": 0.3647375,
      "avg_t": 0.0865,
      "max_t": 2.2146125,
      "ml_t_t": 0.0,
      "ml_p_t": 0.0,
      "tot_t": 510.1705875,
      "conv": 1.0
    },
    "exam_timetable": {
      "Unnamed: 0": "exam_timetable_growacq.csv",
      "CL": 1040.875,
      "tot_q": 4965.625,
      "memb_q": 4965.625,
      "rec_q": 0.0,
      "gen_q": 0.0,
      "top_lvl_q": 1052.625,
      "qgen_q": 1052.625,
      "tfs_q": 3319.625,
      "tfc_q": 593.375,
      "avg_q_size": 11.2675375,
      "avg_gen_time": 0.6823125,
      "avg_t": 0.159275,
      "max_t": 2.3126,
      "ml_t_t": 0.0,
      "ml_p_t": 0.0,
      "tot_t": 790.242625,
      "conv": 1.0
    },
    "sudoku": {
      "Unnamed: 0": "sudoku_growacq.csv",
      "CL": 810.0,
      "tot_q": 5791.875,
      "memb_q": 5791.875,
      "rec_q": 0.0,
      "gen_q": 0.0,
      "top_lvl_q": 1228.875,
      "qgen_q": 1228.875,
      "tfs_q": 4230.375,
      "tfc_q": 332.625,
      "avg_q_size": 18.7929375,
      "avg_gen_time": 0.336925,
      "avg_t": 0.082275,
      "max_t": 2.109425,
      "ml_t_t": 0.0,
      "ml_p_t": 0.0,
      "tot_t": 476.4295625,
      "conv": 1.0
    },
    "nurse_rostering": {
      "Unnamed: 0": "nurse_rostering_growacq.csv",
      "CL": 885.0,
      "tot_q": 6956.25,
      "memb_q": 6956.25,
      "rec_q": 0.0,
      "gen_q": 0.0,
      "top_lvl_q": 1928.375,
      "qgen_q": 1928.375,
      "tfs_q": 4633.75,
      "tfc_q": 394.125,
      "avg_q_size": 26.558187500000003,
      "avg_gen_time": 0.3674874999999999,
      "avg_t": 0.11495,
      "max_t": 2.1146000000000003,
      "ml_t_t": 0.0,
      "ml_p_t": 0.0,
      "tot_t": 799.611225,
      "conv": 1.0
    }
  }
}