{
  "growacq": {
    "random": {
      "max_viol": {
        "rel_dim_block": {
          "findc": {
            "Unnamed: 0": "random_growacq_max_viol_rel_dim_block_findc.csv",
            "CL": 495.0,
            "tot_q": 5193.75,
            "memb_q": 5193.75,
            "rec_q": 0,
            "gen_q": 0,
            "top_lvl_q": 824.25,
            "qgen_q": 824.25,
            "tfs_q": 3869.25,
            "tfc_q": 500.25,
            "avg_q_size": 25.8876375,
            "avg_gen_time": 0.427425,
            "avg_t": 0.0832375,
            "max_t": 2.7716375,
            "ml_t_t": 88.3654375,
            "ml_p_t": 33.9345375,
            "tot_t": 432.1635125,
            "conv": 1
          },
          "guided-findc": {
            "Unnamed: 0": "random_growacq_max_viol_rel_dim_block_guided-findc.csv",
            "CL": 495.0,
            "tot_q": 5166.875,
            "memb_q": 5166.875,
            "rec_q": 0,
            "gen_q": 0,
            "top_lvl_q": 822.75,
            "qgen_q": 822.75,
            "tfs_q": 3851.125,
            "tfc_q": 493.0,
            "avg_q_size": 25.8315375,
            "avg_gen_time": 0.42525,
            "avg_t": 0.0829,
            "max_t": 2.6949125,
            "ml_t_t": 88.0181625,
            "ml_p_t": 33.592825,
            "tot_t": 428.3768,
            "conv": 1
          }
        }
      },
      "obj_proba": {
        "rel_dim_block": {
          "guided-findc": {
            "Unnamed: 0": "random_growacq_obj_proba_rel_dim_block_guided-findc.csv",
            "CL": 495.0,
            "tot_q": 4994.625,
            "memb_q": 4994.625,
            "rec_q": 0,
            "gen_q": 0,
            "top_lvl_q": 1264.125,
            "qgen_q": 1264.125,
            "tfs_q": 3328.25,
            "tfc_q": 402.25,
            "avg_q_size": 25.8189875,
            "avg_gen_time": 0.3044,
            "avg_t": 0.092325,
            "max_t": 2.8163625,
            "ml_t_t": 138.1730125,
            "ml_p_t": 34.7825,
            "tot_t": 461.047525,
            "conv": 1
          },
          "findc": {
            "Unnamed: 0": "random_growacq_obj_proba_rel_dim_block_findc.csv",
            "CL": 495.0,
            "tot_q": 4943.125,
            "memb_q": 4943.125,
            "rec_q": 0,
            "gen_q": 0,
            "top_lvl_q": 1232.0,
            "qgen_q": 1232.0,
            "tfs_q": 3324.75,
            "tfc_q": 386.375,
            "avg_q_size": 25.7581125,
            "avg_gen_time": 0.2960375,
            "avg_t": 0.08875,
            "max_t": 2.8128875,
            "ml_t_t": 129.7406,
            "ml_p_t": 32.769075,
            "tot_t": 438.6543875,
            "conv": 1
          }
        }
      }
    },
    "gtsudoku": {
      "max_viol": {
        "rel_dim_block": {
          "findc": {
            "Unnamed: 0": "gtsudoku_growacq_max_viol_rel_dim_block_findc.csv",
            "CL": 848.625,
            "tot_q": 5838.5,
            "memb_q": 5838.5,
            "rec_q": 0,
            "gen_q": 0,
            "top_lvl_q": 1198.5,
            "qgen_q": 1198.5,
            "tfs_q": 4273.75,
            "tfc_q": 366.25,
            "avg_q_size": 19.7951125,
            "avg_gen_time": 0.4317375,
            "avg_t": 0.10105,
            "max_t": 2.3242625,
            "ml_t_t": 55.0112625,
            "ml_p_t": 24.3896,
            "tot_t": 589.746525,
            "conv": 1
          },
          "guided-findc": {
            "Unnamed: 0": "gtsudoku_growacq_max_viol_rel_dim_block_guided-findc.csv",
            "CL": 848.875,
            "tot_q": 5781.25,
            "memb_q": 5781.25,
            "rec_q": 0,
            "gen_q": 0,
            "top_lvl_q": 1200.625,
            "qgen_q": 1200.625,
            "tfs_q": 4217.375,
            "tfc_q": 363.25,
            "avg_q_size": 20.0875,
            "avg_gen_time": 0.427575,
            "avg_t": 0.1011,
            "max_t": 2.37045,
            "ml_t_t": 54.470325,
            "ml_p_t": 23.9038125,
            "tot_t": 584.4259625,
            "conv": 1
          }
        }
      },
      "obj_proba": {
        "rel_dim_block": {
          "guided-findc": {
            "Unnamed: 0": "gtsudoku_growacq_obj_proba_rel_dim_block_guided-findc.csv",
            "CL": 851.5,
            "tot_q": 1670.0,
            "memb_q": 1670.0,
            "rec_q": 0,
            "gen_q": 0,
            "top_lvl_q": 1448.0,
            "qgen_q": 1448.0,
            "tfs_q": 186.25,
            "tfc_q": 35.75,
            "avg_q_size": 18.5396625,
            "avg_gen_time": 0.2287125,
            "avg_t": 0.2195875,
            "max_t": 2.5453125,
            "ml_t_t": 72.3897125,
            "ml_p_t": 16.588725,
            "tot_t": 366.707975,
            "conv": 1
          },
          "findc": {
            "Unnamed: 0": "gtsudoku_growacq_obj_proba_rel_dim_block_findc.csv",
            "CL": 849.5,
            "tot_q": 1668.875,
            "memb_q": 1668.875,
            "rec_q": 0,
            "gen_q": 0,
            "top_lvl_q": 1450.125,
            "qgen_q": 1450.125,
            "tfs_q": 183.875,
            "tfc_q": 34.875,
            "avg_q_size": 18.4246875,
            "avg_gen_time": 0.2236,
            "avg_t": 0.21475,
            "max_t": 2.4251,
            "ml_t_t": 69.450225,
            "ml_p_t": 15.97125,
            "tot_t": 358.4186125,
            "conv": 1
          }
        }
      }
    },
    "nurse_rostering": {
      "max_viol": {
        "rel_dim_block": {
          "findc": {
            "Unnamed: 0": "nurse_rostering_growacq_max_viol_rel_dim_block_findc.csv",
            "CL": 885.0,
            "tot_q": 6907.0,
            "memb_q": 6907.0,
            "rec_q": 0,
            "gen_q": 0,
            "top_lvl_q": 1914.125,
            "qgen_q": 1914.125,
            "tfs_q": 4604.625,
            "tfc_q": 388.25,
            "avg_q_size": 26.6032625,
            "avg_gen_time": 0.4168625,
            "avg_t": 0.13025,
            "max_t": 2.7276,
            "ml_t_t": 81.0708125,
            "ml_p_t": 34.0408875,
            "tot_t": 899.3949875,
            "conv": 1
          },
          "guided-findc": {
            "Unnamed: 0": "nurse_rostering_growacq_max_viol_rel_dim_block_guided-findc.csv",
            "CL": 885.0,
            "tot_q": 6912.5,
            "memb_q": 6912.5,
            "rec_q": 0,
            "gen_q": 0,
            "top_lvl_q": 1910.25,
            "qgen_q": 1910.25,
            "tfs_q": 4601.25,
            "tfc_q": 401.0,
            "avg_q_size": 26.7807125,
            "avg_gen_time": 0.4307125,
            "avg_t": 0.134075,
            "max_t": 2.7470375,
            "ml_t_t": 81.915025,
            "ml_p_t": 35.4214125,
            "tot_t": 926.7436,
            "conv": 1
          }
        }
      },
      "obj_proba": {
        "rel_dim_block": {
          "findc": {
            "Unnamed: 0": "nurse_rostering_growacq_obj_proba_rel_dim_block_findc.csv",
            "CL": 885.0,
            "tot_q": 2291.25,
            "memb_q": 2291.25,
            "rec_q": 0,
            "gen_q": 0,
            "top_lvl_q": 2285.5,
            "qgen_q": 2285.5,
            "tfs_q": 3.375,
            "tfc_q": 2.375,
            "avg_q_size": 24.6832125,
            "avg_gen_time": 0.24705,
            "avg_t": 0.270675,
            "max_t": 2.7339625,
            "ml_t_t": 97.587625,
            "ml_p_t": 25.816025,
            "tot_t": 620.1334625,
            "conv": 1
          },
          "guided-findc": {
            "Unnamed: 0": "nurse_rostering_growacq_obj_proba_rel_dim_block_guided-findc.csv",
            "CL": 885.0,
            "tot_q": 2295.75,
            "memb_q": 2295.75,
            "rec_q": 0,
            "gen_q": 0,
            "top_lvl_q": 2291.5,
            "qgen_q": 2291.5,
            "tfs_q": 2.25,
            "tfc_q": 2.0,
            "avg_q_size": 24.6501,
            "avg_gen_time": 0.24815,
            "avg_t": 0.2722375,
            "max_t": 2.8059875,